{
  "project_info": {
    "project_number": "49583332610",
    "firebase_url": "https://medhist-40ee0.firebaseio.com",
    "project_id": "medhist-40ee0",
    "storage_bucket": "medhist-40ee0.appspot.com"
  },
  "client": [
    {
      "client_info": {
        "mobilesdk_app_id": "1:49583332610:android:ba9f9f0eefe5943b",
        "android_client_info": {
          "package_name": "com.example.medhist"
        }
      },
      "oauth_client": [
        {
          "client_id": "49583332610-459ru4r3n2bkuri35is8gupij5jimg9k.apps.googleusercontent.com",
          "client_type": 1,
          "android_info": {
            "package_name": "com.example.medhist",
            "certificate_hash": "c844ce4261b087e2ab6e1f970734514638745faf"
          }
        },
        {
          "client_id": "49583332610-lk8ga7l841miv1lki542ee89g9joaqo2.apps.googleusercontent.com",
          "client_type": 3
        }
      ],
      "api_key": [
        {
          "current_key": "AIzaSyB567gHS4znYaPGL7kGXkOm08E0FuHH568"
        }
      ],
      "services": {
        "appinvite_service": {
          "other_platform_oauth_client": [
            {
              "client_id": "49583332610-lk8ga7l841miv1lki542ee89g9joaqo2.apps.googleusercontent.com",
              "client_type": 3
            }
          ]
        }
      }
    }
  ],
  "configuration_version": "1"
}